key,key:user-account
authenticated-inventor-01,user-account-inventor-01
authenticated-inventor-02,user-account-inventor-02
authenticated-inventor-03,user-account-inventor-03
authenticated-inventor-04,user-account-inventor-04
authenticated-inventor-05,user-account-inventor-05
authenticated-inventor-06,user-account-inventor-06
authenticated-inventor-07,user-account-inventor-07
authenticated-inventor-08,user-account-inventor-08
authenticated-inventor-09,user-account-inventor-09
authenticated-inventor-10,user-account-inventor-10
authenticated-patron-01,user-account-patron-01
authenticated-patron-02,user-account-patron-02
authenticated-patron-03,user-account-patron-03
authenticated-patron-04,user-account-patron-04
authenticated-patron-05,user-account-patron-05
authenticated-patron-06,user-account-patron-06
authenticated-patron-07,user-account-patron-07
authenticated-patron-08,user-account-patron-08
authenticated-patron-09,user-account-patron-09
authenticated-patron-10,user-account-patron-10