key,creation-moment,title,author,body,email
chirp-01,2010/10/11 23:00,Title 1,Author 1,Body 1,chirp1@email.com
chirp-02,2010/10/11 23:00,Title 2,Author 2,Body 2,chirp2@email.com
chirp-03,2010/10/11 23:00,Title 3,Author 3,Body 3,chirp3@email.com
chirp-04,2011/10/11 23:00,Title 4,Author 4,Body 4,chirp4@email.com
chirp-05,2012/10/11 23:00,Title 5,Author 5,Body 5,chirp5@email.com
chirp-06,2013/10/11 23:00,Title 6,Author 6,Body 6,chirp6@email.com
chirp-07,2014/10/11 23:00,Title 7,Author 7,Body 7,chirp7@email.com
chirp-08,2015/10/11 23:00,Title 8,Author 8,Body 8,chirp8@email.com
chirp-09,2015/10/11 23:00,Title 9,Author 9,Body 9,chirp9@email.com
chirp-10,2015/10/11 23:00,Title 10,Author 10,Body 10,chirp10@email.com
chirp-11,2016/10/11 23:00,Title 11,Author 11,Body 11,chirp11@email.com
chirp-12,2017/10/11 23:00,Title 12,Author 12,Body 12,chirp12@email.com
chirp-13,2022/04/16 23:00,Title 13,Author 13,Body 13,chirp13@email.com
chirp-14,2022/04/17 23:00,Title 14,Author 14,Body 14,chirp14@email.com
chirp-15,2022/04/19 23:00,Title 15,Author 15,Body 15,chirp15@email.com