key,code,title,description,assembly-notes,link
toolkit-01,AAA-000,Title 1,Description 1,AssemblyNotes 1,http://www.toolkit1.com
toolkit-02,AAA-001,Title 2,Description 2,AssemblyNotes 2,http://www.toolkit2.com
toolkit-03,AAA-002,Title 3,Description 3,AssemblyNotes 3,http://www.toolkit3.com
toolkit-04,AAA-003,Title 4,Description 4,AssemblyNotes 4,http://www.toolkit4.com
toolkit-05,AAA-004,Title 5,Description 5,AssemblyNotes 5,http://www.toolkit5.com
toolkit-06,AAA-005,Title 6,Description 6,AssemblyNotes 6,http://www.toolkit6.com
toolkit-07,AAA-006,Title 7,Description 7,AssemblyNotes 7,http://www.toolkit7.com
toolkit-08,AAA-007,Title 8,Description 8,AssemblyNotes 8,http://www.toolkit8.com
toolkit-09,AAA-008,Title 9,Description 9,AssemblyNotes 9,http://www.toolkit9.com
toolkit-10,AAA-009,Title 10,Description 10,AssemblyNotes 10,http://www.toolkit10.com
toolkit-11,AAA-010,Title 11,Description 11,AssemblyNotes 11,http://www.toolkit11.com
toolkit-12,AAA-011,Title 12,Description 12,AssemblyNotes 12,http://www.toolkit12.com
toolkit-13,AAA-012,Title 13,Description 13,AssemblyNotes 13,http://www.toolkit13.com
toolkit-14,AAA-013,Title 14,Description 14,AssemblyNotes 14,http://www.toolkit14.com
toolkit-15,AAA-014,Title 15,Description 15,AssemblyNotes 15,http://www.toolkit15.com